﻿<?xml version="1.0" encoding="UTF-8"?>
<project name="发布">
	<tstamp>
		<format property="nowstamp" pattern="yyyyMMddHH" locale="en" />
	</tstamp>
	<target name="发布">
		<!--提交到svn-->
		<exec executable="svn">
			<arg value="commit" />
			<arg value="-m" />
			<arg value="${nowstamp}发布" />
			<arg value="${basedir}/../bin" />
		</exec>
		<!--|||||||||||||||||||||||||||||||||||||||||||||||-->
		<!--|||||||||||||||||||||||||||||||||||||||||||||||-->
		<!--|||||||||||||||||||||||||||||||||||||||||||||||-->
		<!--删除revision.xml文件-->
		<delete file="${basedir}/../bin/revision.xml">
		</delete>
		<!--生成revision.xml文件-->
		<exec dir="${basedir}/../bin" executable="cmd">
			<arg line="/c svn status -v --xml >> revision.xml" />
		</exec>
		<!--压缩生成的revision.xml文件-->
		<exec executable="C:\Program Files\Adobe\Adobe Flash CS5\Flash.exe">
			<arg path="${basedir}/../ant/[t]压缩svn的xml文件.jsfl" />
		</exec>
		<sleep seconds="5" />
		<!--删除revision.xml文件-->
		<delete file="${basedir}/../bin/revision.xml">
		</delete>
		<!--提交revision.xml的压缩文件revision.txt-->
		<exec executable="svn">
			<arg value="add" />
			<arg value="${basedir}/../bin/revision.txt" />
		</exec>
		<exec executable="svn">
			<arg value="commit" />
			<arg value="-m" />
			<arg value="${nowstamp}发布" />
			<arg value="${basedir}/../bin/revision.txt" />
		</exec>
		<!--生成记录版本号的文件-->
		<exec executable="C:\Program Files\Adobe\Adobe Flash CS5\Flash.exe">
			<arg path="C:\Users\tamt\workspace\ht\tool\[t]压缩svn的xml文件.jsfl" />
		</exec>
		<sleep seconds="5" />
		<!--提交版本号文件cur.txt-->
		<exec executable="svn">
			<arg value="add" />
			<arg value="${basedir}/../bin/cur.txt" />
		</exec>
		<exec executable="svn">
			<arg value="commit" />
			<arg value="-m" />
			<arg value="${nowstamp}发布" />
			<arg value="${basedir}/../bin/cur.txt" />
		</exec>
	</target>
</project>